{"cameraMode":{"drawMode":0,"name":"Shaded","section":"Shading Mode"},"sceneLighting":false,"audioPlay":false,"sceneViewState":{"m_AlwaysRefresh":false,"showFog":true,"showSkybox":false,"showFlares":true,"showImageEffects":true,"showParticleSystems":true,"showVisualEffectGraphs":true,"m_FxEnabled":true},"in2DMode":false,"pivot":{"x":6.519999980926514,"y":0.3850403428077698,"z":0.33260422945022585},"rotation":{"x":-0.1998380571603775,"y":-0.033211249858140948,"z":0.006776710506528616,"w":-0.9792449474334717},"size":1.3752174377441407,"orthographic":false}