{"cameraMode":{"drawMode":0,"name":"Shaded","section":"Shading Mode"},"sceneLighting":false,"audioPlay":false,"sceneViewState":{"m_AlwaysRefresh":false,"showFog":true,"showSkybox":false,"showFlares":true,"showImageEffects":true,"showParticleSystems":true,"showVisualEffectGraphs":true,"m_FxEnabled":true},"in2DMode":false,"pivot":{"x":6.527626991271973,"y":-0.39646947383880618,"z":-1.3851491212844849},"rotation":{"x":-0.006721061654388905,"y":0.9736232161521912,"z":-0.2262321412563324,"w":-0.02892342023551464},"size":2.0790798664093019,"orthographic":false}