{"cameraMode":{"drawMode":0,"name":"Shaded","section":"Shading Mode"},"sceneLighting":false,"audioPlay":false,"sceneViewState":{"m_AlwaysRefresh":false,"showFog":true,"showSkybox":false,"showFlares":true,"showImageEffects":true,"showParticleSystems":true,"showVisualEffectGraphs":true,"m_FxEnabled":true},"in2DMode":false,"pivot":{"x":0.0023941397666931154,"y":0.098874032497406,"z":1.3674323558807374},"rotation":{"x":-0.2869359850883484,"y":0.6098343729972839,"z":-0.25196602940559389,"w":-0.6944709420204163},"size":0.6062178015708923,"orthographic":false}